instance,n_nodes,capacity,best_cost,runtime_sec,feasible
M-n101-k10,101,200.0,1066.0,10.577073574066162,True
M-n11-k1,11,50.0,124.0,0.5310955047607422,True
M-n121-k07,121,200.0,1323.0,14.414967060089111,True
M-n151-k12,151,200.0,1567.0,18.817671537399292,True
M-n16-k2,16,50.0,314.0,0.7987096309661865,True
M-n200-k16,200,200.0,1946.0,29.77795147895813,True
M-n200-k17,200,200.0,1882.0,30.690588235855103,True
M-n21-k2,21,50.0,473.0,1.1879422664642334,True
M-n26-k3,26,50.0,534.0,1.40678071975708,True
M-n31-k3,31,50.0,585.0,1.8348076343536377,True
M-n36-k4,36,50.0,765.0,3.387270927429199,True
M-n41-k4,41,50.0,945.0,3.3959827423095703,True
M-n46-k4,46,50.0,982.0,3.859056234359741,True
M-n51-k5,51,50.0,1064.0,5.161725044250488,True
M-n6-k1,6,50.0,75.0,0.35949110984802246,True
