instance,n_nodes,capacity,best_cost,runtime_sec,feasible
M-n101-k10,101,200.0,1040.0,11.672341346740723,True
M-n11-k1,11,50.0,124.0,0.4405677318572998,True
M-n121-k07,121,200.0,1345.0,15.17400074005127,True
M-n151-k12,151,200.0,1488.0,21.044281721115112,True
M-n16-k2,16,50.0,315.0,0.7325668334960938,True
M-n200-k16,200,200.0,1849.0,35.977932929992676,True
M-n200-k17,200,200.0,1848.0,35.60567903518677,True
M-n21-k2,21,50.0,474.0,1.0223736763000488,True
M-n26-k3,26,50.0,532.0,1.6332781314849854,True
M-n31-k3,31,50.0,574.0,1.8236143589019775,True
M-n36-k4,36,50.0,761.0,2.137760639190674,True
M-n41-k4,41,50.0,925.0,2.575629711151123,True
M-n46-k4,46,50.0,979.0,2.9749832153320312,True
M-n51-k5,51,50.0,1057.0,3.5473833084106445,True
M-n6-k1,6,50.0,75.0,0.2035517692565918,True
