instance,n_nodes,capacity,best_cost,best_bound,gap_percent,runtime_sec,status,feasible
M-n101-k10,101,200.0,inf,464.0,,1801.5766170024872,TIME_LIMIT,False
M-n11-k1,11,50.0,124.0,124.0,0.0,1.0536296367645264,OPTIMAL,True
M-n121-k07,121,200.0,inf,339.0,,1801.2517201900482,TIME_LIMIT,False
M-n151-k12,151,200.0,inf,598.0,,1801.1070711612701,TIME_LIMIT,False
M-n16-k2,16,50.0,inf,228.0,,1859.051527261734,TIME_LIMIT,False
M-n200-k16,200,200.0,inf,598.0,,1801.752111673355,TIME_LIMIT,False
M-n200-k17,200,200.0,inf,598.0,,1802.0139982700348,TIME_LIMIT,False
M-n21-k2,21,50.0,inf,231.0,,1828.6568422317505,TIME_LIMIT,False
M-n26-k3,26,50.0,inf,279.0,,1823.293078660965,TIME_LIMIT,False
M-n31-k3,31,50.0,inf,302.0,,1815.989342212677,TIME_LIMIT,False
M-n36-k4,36,50.0,inf,374.0,,1811.2752718925476,TIME_LIMIT,False
M-n41-k4,41,50.0,inf,441.0,,1808.9481744766235,TIME_LIMIT,False
M-n46-k4,46,50.0,inf,459.0,,1806.926378250122,TIME_LIMIT,False
M-n51-k5,51,50.0,inf,496.0,,1805.7953493595123,TIME_LIMIT,False
M-n6-k1,6,50.0,82.0,82.0,0.0,0.02308034896850586,OPTIMAL,True
