instance,n_nodes,capacity,best_cost,runtime_sec,status,feasible
M-n101-k10,101,200.0,,602.1735191345215,9,False
M-n11-k1,11,50.0,124.0,0.8690226078033447,2,True
M-n121-k07,121,200.0,,600.9942293167114,9,False
M-n151-k12,151,200.0,,600.6000719070435,9,False
M-n16-k2,16,50.0,313.0,0.517392635345459,2,True
M-n200-k16,200,200.0,,600.9804108142853,9,False
M-n200-k17,200,200.0,,600.7277314662933,9,False
M-n21-k2,21,50.0,457.0,20.28064513206482,2,True
M-n26-k3,26,50.0,517.0,600.1864700317383,9,True
M-n31-k3,31,50.0,570.0,600.1927230358124,9,True
M-n36-k4,36,50.0,757.0,600.3802602291107,9,True
M-n41-k4,41,50.0,,600.2913434505463,9,False
M-n46-k4,46,50.0,,600.9411346912384,9,False
M-n51-k5,51,50.0,,601.385792016983,9,False
M-n6-k1,6,50.0,75.0,0.06128811836242676,2,True
